name,faction,year,Strength,Intelligence,Speed,Endurance,Rank,Courage,Firepower,Skill,Teamwork,Cooperation
Axalon,Autobot,2012,-1,-1,-1,-1,-1,-1,-1,-1,,,
Deadlock,Decepticon,2015,6,6,6,7,4,10,7,7,,,
Convobat,Autobot,2015,10,10,10,10,10,10,8,10,,,
MagnaConvoy,Autobot,2015,10,10,10,10,10,10,10,10,10,,,
OrionPax,Autobot,2013,3,9,4,4,2,10,1,9,,,
Prima,Autobot,2007,10,10,7,10,10,10,10,9,,,
Jolt,Decepticon,2007,4,6,8,6,2,5,7,5,,,
Mindset,Autobot,2011,8,6,3,9,7,5,8,6,,,
Dropkick,Decepticon,2007,6,4,6,9,3,5,5,4,,,
Skyblast,Autobot,2007,6,5,9,7,4,9,8,10,,,
Evac,Autobot,2012,6,5,9,4,5,9,5,8,,
Gigawatt,Autobot,2020,7,9,10,,,6,10,,,
Arcee,Autobot,1986,5,7,7,7,6,9,5,7,,,
Ectotron,Autobot,2019,8,7,7,,,7,,,
Flamewar,Decepticon,2005,7,9,9,8,8,9,7,10,,
Abominus,Decepticon,1987,10,1,3,10,5,10,8,4,,
Afterburner,Autobot,1987,7,6,6,6,5,9,7,7,,
AirRaid,Autobot,1986,5,7,9,7,5,10,8,7,,
Airwave,Decepticon,1989,1,6,7,5,6,9,8,8,,
AirRaid,Autobot,1986,5,7,9,7,5,10,8,7,,
Apeface,Decepticon,1987,10,9,9,8,6,7,7,7,,
Astrotrain,Decepticon,1985,9,7,10,7,6,7,6,8,,
Axer,Decepticon,1990,6,8,3,9,7,8,8,10,,
Backstreet,Autobot,1988,6,6,6,8,6,6,7,7,,
Banzai-Tron,Decepticon,1990,8,7,2,9,6,10,6,10,,
Barrage,Decepticon,1985,3,8,3,7,5,10,9,8,,
Barrage,Autobot,1990,10,8,10,6,,7,,9,7,9
Barrage,Decepticon,1985,3,8,3,7,5,10,9,8,,
Barricade,Decepticon,1990,8,6,10,9,,8,,9,7,8
Battletrap,Decepticon,1987,7,3,6,8,6,6,6,7,,
Beachcomber,Autobot,1985,3,9,5,7,6,6,1,10,,
Beachcomber,Autobot,1985,3,9,5,7,6,6,1,10,,
Beastbox,Decepticon,1988,7,5,3,6,6,7,4,3,,
BigDaddy,Autobot,1990,6,8,8,10,,9,,9,9,8
BigHauler,Autobot,1990,7,9,8,8,,6,,7,10,7
BigShot,Autobot,1989,9,7,6,8,,9,,8,8,6
Birdbrain,Decepticon,1989,6,6,6,7,5,9,6,4,,
Blackjack,Decepticon,1989,8,7,9,7,,8,,6,7,5
Blackout,Decepticon,1990,8,7,9,7,8,6,6,9,,
Blades,Autobot,1986,7,6,7,5,5,9,7,7,,
BlastMaster,Autobot,1990,10,8,10,6,,7,,9,7,9
Blaster,Autobot,1985,8,8,2,8,7,9,7,9,,
Blast-Off,Decepticon,1986,3,8,10,3,5,5,9,10,,
Blaster,Autobot,1985,8,8,2,8,7,9,7,9,,
Blaster,Autobot,1985,8,8,2,8,7,9,7,9,,
Blaster,Autobot,1990,9,8,3,8,8,10,7,10,,
BlazeMaster,Autobot,1990,8,10,9,8,,8,,10,8,6
Blitzwing,Decepticon,1985,8,5,9,8,6,7,7,7,,
Blot,Decepticon,1987,9,2,2,10,4,10,6,5,,
Bludgeon,Decepticon,1989,6,8,2,9,6,9,7,10,,
Bluestreak,Autobot,1984,6,6,7,9,5,2,9,7,,
Blurr,Autobot,1986,7,8,10,6,7,8,7,5,,
Blurr,Autobot,1987,5,7,7,4,5,9,7,7,,
Bomb-Burst,Decepticon,1988,8,8,7,4,7,9,7,8,,
Bombshell,Decepticon,1985,5,7,4,5,6,5,6,9,,
Bombshell,Decepticon,1991,6,8,6,5,6,5,8,10,,
Bombshock,Decepticon,1990,10,7,9,6,,9,,9,7,7
Bonecrusher,Decepticon,1985,9,3,2,8,4,8,6,6,,
Brainstorm,Autobot,1987,5,8,9,6,7,9,7,8,,
Brawl,Decepticon,1986,7,2,4,9,5,9,8,7,,
Brawn,Autobot,1984,9,3,4,9,5,10,1,4,,
Brawn,Autobot,1984,9,3,4,9,5,10,1,4,,
Breakdown,Decepticon,1986,6,7,7,5,6,8,6,6,,
Bristleback,Decepticon,1989,7,5,2,8,5,9,6,7,,
Broadside,Autobot,1986,8,8,9,8,6,9,7,7,,
Bruticus,Decepticon,1986,10,3,1,9,5,10,8,6,,
Bugly,Decepticon,1988,6,9,6,7,7,8,7,9,,
Bumblebee,Autobot,1984,2,8,4,7,7,10,1,7,,
Bumblebee,Autobot,1989,7,8,4,8,8,10,6,7,,
Bumblebee,Autobot,1990,3,8,5,7,9,10,5,10,,
Buzzsaw,Decepticon,1984,4,6,8,4,5,9,7,9,,
Calcar,Decepticon,1993,8,10,8,8,10,9,9,10,,
Carnivac,Decepticon,1988,6,5,7,9,4,7,7,8,,
Catilla,Autobot,1988,8,7,6,7,5,6,6,9,,
Cement-Head,Decepticon,1990,7,10,9,9,7,8,9,6,,
Chainclaw,Autobot,1988,9,6,5,8,5,4,7,6,,
Charger,Decepticon,1991,9,4,4,9,4,7,8,7,,
Chase,Autobot,1987,4,6,6,4,6,9,1,8,,
ChopShop,Decepticon,1985,7,8,4,5,6,7,6,10,,
Chromedome,Autobot,1987,6,9,6,6,7,6,7,9,,
Cindersaur,Decepticon,1988,7,3,2,4,5,9,7,8,,
Circuit,Autobot,1991,7,9,10,5,6,7,8,10,,
Cliffjumper,Autobot,1984,4,4,7,4,5,10,7,5,,
Cloudburst,Autobot,1988,7,8,10,7,6,8,8,7,,
Cloudraker,Autobot,1987,6,6,8,6,5,7,6,6,,
Computron,Autobot,1987,9,10,2,8,7,10,7,9,,
Cosmos,Autobot,1985,2,8,10,6,6,7,6,9,,
Countdown,Autobot,1989,8,10,10,9,9,10,8,10,,
Crankcase,Decepticon,1988,8,6,3,9,7,7,8,8,,
Crossblades,Autobot,1989,6,8,5,6,6,9,8,9,,
Crosshairs,Autobot,1987,6,8,4,8,6,8,7,9,,
Crumble,Autobot,1990,10,8,7,7,,9,,8,8,9
Cutthroat,Decepticon,1987,8,4,4,9,5,8,7,7,,
Cyclonus,Decepticon,1986,8,8,9,8,9,9,7,7,,
Cyclonus,Decepticon,1987,8,8,10,5,6,10,4,5,,
Darkwing,Decepticon,1988,6,7,7,5,5,7,7,8,,
DeadEnd,Decepticon,1986,7,6,7,7,5,9,5,7,,
Defensor,Autobot,1986,7,10,2,9,6,10,8,8,,
Detour,Decepticon,1989,8,7,9,7,,8,,6,7,5
Devastator,Decepticon,1985,10,2,1,9,6,10,8,4,,
Devastator,Decepticon,1990,10,2,1,9,6,10,8,5,,
Direct-Hit,Decepticon,1990,8,8,7,6,,9,,5,7,7
Dirge,Decepticon,1985,7,8,8,6,5,4,8,9,,
Divebomb,Decepticon,1986,7,8,5,6,5,8,6,6,,
Dogfight,Autobot,1988,7,5,7,7,5,10,7,9,,
Doublecross,Autobot,1987,1,6,2,10,6,9,6,7,,
Doubledealer,Decepticon,1988,8,8,6,9,8,9,8,9,,
Doubleheader,Autobot,1989,5,9,7,5,6,8,6,9,,
DragStrip,Decepticon,1986,6,7,7,4,5,8,7,6,,
Dreadwind,Decepticon,1988,6,8,7,8,6,7,7,8,,
Dropshot,Decepticon,1990,10,7,9,6,,9,,9,7,7
EagleEye,Autobot,1990,8,10,9,8,,8,,10,8,6
Eject,Autobot,1986,6,6,2,6,6,8,5,8,,
Erector,Autobot,1989,7,8,2,7,6,8,7,9,,
Excavator,Decepticon,1990,9,6,5,8,,9,,8,7,7
Fastlane,Autobot,1987,6,3,6,6,5,9,7,7,,
Fangry,Decepticon,1988,6,8,6,8,6,8,6,8,,
Finback,Decepticon,1988,8,8,4,3,6,8,7,9,,
Fireflight,Autobot,1986,5,7,9,7,5,10,8,7,,
Fireshot,Decepticon,1990,8,8,7,6,,9,,5,7,7
FirstAid,Autobot,1986,4,9,4,6,6,7,6,9,,
Fixit,Autobot,1989,4,8,4,6,,9,,8,9,9
Fizzle,Autobot,1988,6,7,6,2,6,6,1,8,,
Flak,Autobot,1989,9,7,6,8,,9,,8,8,6
Flamefeather,Decepticon,1988,6,4,5,7,5,6,7,5,,
Flattop,Decepticon,1989,5,8,7,6,6,7,8,8,,
FortressMaximus,Autobot,1987,10,10,10,9,10,10,10,9,,
Flywheels,Decepticon,1987,7,4,7,7,6,8,8,6,,
FreeWheeler,Autobot,1989,5,9,5,7,,8,,5,8,8
Freeway,Autobot,1987,3,6,4,6,6,8,3,9,,
Frenzy,Decepticon,1984,2,5,3,6,6,10,9,6,,
Full-Barrel,Autobot,1990,10,6,7,5,7,9,10,7,,
Galvatron,Decepticon,1986,9,8,9,10,9,9,9,10,,
Gears,Autobot,1984,8,7,6,8,6,9,1,7,,
Getaway,Autobot,1988,4,8,6,10,7,10,6,8,,
Gnaw,Decepticon,1986,7,3,4,8,2,8,4,4,,
Goldbug,Autobot,1987,9,8,4,8,8,10,1,7,,
GrandSlam,Autobot,1988,6,8,3,8,4,9,3,7,,
Grapple,Autobot,1985,8,8,3,4,7,7,7,9,,
Greasepit,Decepticon,1989,4,7,3,6,7,7,8,9,,
Greaser,Autobot,1990,6,8,8,10,,9,,9,9,8
Grimlock,Autobot,1985,10,7,3,10,9,10,8,10,,
Grimlock,Autobot,1989,10,4,3,10,9,10,8,9,,
Grimlock,Autobot,1990,9,7,2,10,9,10,8,9,,
Grit,Decepticon,1990,9,6,5,8,,9,,8,7,7
Groove,Autobot,1986,4,9,5,7,6,8,6,8,,
Grotusque,Autobot,1987,7,9,4,6,8,10,7,10,,
GroundHog,Decepticon,1990,8,6,10,9,,8,,9,7,8
Groundbreaker,Autobot,1988,7,6,6,8,5,10,8,7,,
Groundpounder,Autobot,1990,10,8,7,7,,9,,8,8,9
Groundshaker,Autobot,1989,7,7,3,8,8,10,8,8,,
Growl,Decepticon,1990,10,7,9,6,,9,,9,7,7
Gunrunner,Autobot,1988,7,9,7,6,7,9,8,7,,
Gusher,Autobot,1990,8,7,6,9,8,10,5,7,,
Gutcruncher,Decepticon,1990,8,8,7,9,10,7,5,9,,
Guzzle,Autobot,1988,7,6,2,7,5,8,7,4,,
Half-Track,Decepticon,1990,8,8,7,6,,9,,5,7,7
Hammer,Decepticon,1990,9,6,5,8,,9,,8,7,7
Hardhead,Autobot,1987,9,6,5,9,5,10,8,7,,
Headstrong,Decepticon,1986,7,5,4,7,5,6,8,6,,
Headstrong,Decepticon,1986,7,5,4,7,5,6,8,6,,
Hoist,Autobot,1985,8,6,3,7,4,8,6,9,,
Heave,Autobot,1990,10,8,10,6,,7,,9,7,9
HeavyTread,Autobot,1990,7,9,8,8,,6,,7,10,7
Highbrow,Autobot,1987,7,7,7,6,6,6,6,10,,
Highjump,Autobot,1989,6,9,3,8,,8,,6,9,9
Hoist,Autobot,1985,8,6,3,7,4,8,6,9,,
Hook,Decepticon,1985,8,9,3,6,4,6,5,10,,
Horri-Bull,Decepticon,1988,8,6,5,8,5,8,7,4,,
Hosehead,Autobot,1988,8,6,5,8,6,9,5,2,,
HotHouse,Autobot,1989,2,7,3,6,7,8,7,7,,
HotRod,Autobot,1986,10,10,9,10,10,7,10,10,,
HotRod,Autobot,1987,6,5,6,8,5,10,7,6,,
Hotspot,Autobot,1986,9,7,4,9,7,9,7,6,,
Hound,Autobot,1984,5,8,5,7,6,10,3,9,,
Hubcap,Autobot,1986,3,9,4,3,6,8,1,9,,
Hubs,Autobot,1990,6,8,8,10,,9,,9,9,8
Huffer,Autobot,1984,7,8,5,7,6,8,1,9,,
Hun-Grrr,Decepticon,1987,10,8,3,10,9,10,9,6,,
Hydraulic,Autobot,1990,7,9,8,8,,6,,7,10,7
Hyperdrive,Decepticon,1989,8,7,9,7,,8,,6,7,5
Icepick,Decepticon,1989,8,7,3,8,6,8,6,6,,
Iguanus,Decepticon,1988,8,6,4,9,7,9,7,8,,
Inferno,Autobot,1985,9,6,4,8,5,9,6,6,,
Inferno,Autobot,1990,9,6,2,9,6,9,6,7,,
Ironhide,Autobot,1984,7,7,3,9,7,10,7,7,,
Ironworks,Autobot,1989,3,7,1,7,6,8,7,9,,
Jackpot,Autobot,1990,7,9,2,8,8,10,7,10,,
Jazz,Autobot,1984,5,9,7,7,8,9,5,10,,
Jazz,Autobot,1989,5,9,8,7,6,9,7,10,,
Jazz,Autobot,1990,5,9,4,7,8,9,6,10,,
Jetfire,Autobot,1985,6,10,10,5,10,9,7,9,,
Joyride,Autobot,1988,8,6,5,8,6,9,5,2,,
Kick-Off,Autobot,1990,9,6,2,9,6,9,6,7,,
Kickback,Decepticon,1985,3,9,4,4,7,6,5,8,,
Knockout,Decepticon,1990,9,6,5,8,,9,,8,7,7
Krok,Decepticon,1990,9,6,2,10,5,7,6,8,,
Kup,Autobot,1986,9,7,6,9,8,9,6,8,,
Kup,Autobot,1987,8,5,2,9,5,10,5,8,,
Landfill,Autobot,1988,8,6,2,8,5,8,8,7,,
Landmine,Autobot,1988,8,8,6,7,6,5,10,8,,
Laserbeak,Decepticon,1984,5,6,8,5,6,2,8,9,,
Lightspeed,Autobot,1987,6,8,5,6,6,8,7,8,,
LongHaul,Decepticon,1985,9,5,2,9,4,8,7,4,,
Longtooth,Autobot,1989,8,6,3,9,6,8,7,6,,
Mainframe,Autobot,1990,5,10,2,6,7,7,5,10,,
Megatron,Decepticon,1984,10,10,4,8,10,9,10,9,,
Megatron,Decepticon,1990,10,10,4,8,10,9,10,9,,
Meltdown,Decepticon,1990,8,8,7,6,,9,,5,7,7
Menasor,Decepticon,1986,10,3,2,9,5,9,9,6,,
Metroplex,Autobot,1986,10,8,2,9,8,10,10,9,,
Mindwipe,Decepticon,1987,10,9,9,8,6,7,7,7,,
Mirage,Autobot,1984,6,9,7,5,7,5,6,10,,
Misfire,Decepticon,1987,7,8,7,9,6,4,7,2,,
MissileMaster,Autobot,1990,10,8,10,6,,7,,9,7,9
Mixmaster,Decepticon,1985,7,6,3,8,4,6,7,9,,
Monstructor,Decepticon,1989,9,5,4,6,7,8,9,6,,
Moonrock,Autobot,1990,10,8,10,6,,7,,9,7,9
Motorhead,Decepticon,1990,8,6,10,9,,8,,9,7,8
Motormaster,Decepticon,1986,9,6,5,10,7,9,7,4,,
Mudslinger,Autobot,1989,6,9,3,8,,8,,6,9,9
Nautilator,Decepticon,1988,7,4,3,8,5,6,7,4,,
Needlenose,Decepticon,1988,7,6,7,7,5,9,8,7,,
Neutro,Autobot,1990,10,8,7,7,,9,,8,8,9
Nightbeat,Autobot,1988,5,8,7,6,7,9,7,9,,
Nightflight,Decepticon,1989,4,8,7,6,,8,,7,2,2
Nosecone,Autobot,1987,7,6,3,9,5,8,7,7,,
Octane,Decepticon,1986,6,6,7,4,7,3,4,6,,
Octopunch,Decepticon,1989,8,5,1,9,6,8,5,7,,
Oiler,Autobot,1990,9,6,9,7,,7,,10,9,8
OmegaSpreem,Autobot,1991,9,6,5,7,8,10,6,8,,
OmegaSupreme,Autobot,1985,10,5,3,10,7,10,10,6,,
Onslaught,Decepticon,1986,8,8,3,7,7,8,8,9,,
OptimusPrime,Autobot,1984,10,10,8,10,10,10,8,10,,
OptimusPrime,Autobot,1988,10,10,6,10,10,10,9,10,,
OptimusPrime,Autobot,1990,10,10,7,10,10,10,9,10,,
Outback,Autobot,1986,4,5,6,5,4,9,6,5,,
Over-Run,Autobot,1990,6,8,5,7,7,10,8,8,,
Overbite,Decepticon,1988,7,7,5,7,6,7,6,8,,
Overflow,Autobot,1990,10,6,7,5,7,9,10,7,,
Overkill,Decepticon,1987,8,5,2,8,5,6,5,5,,
Overload,Autobot,1989,5,8,7,8,5,8,7,6,,
Override,Autobot,1988,5,8,5,8,6,9,6,8,,
Perceptor,Autobot,1985,7,10,2,7,7,8,8,10,,
Phaser,Autobot,1990,10,8,10,6,,7,,9,7,9
Pincher,Autobot,1989,7,9,2,5,7,8,8,8,,
Pipeline,Autobot,1990,8,7,6,9,8,10,5,7,,
Pipes,Autobot,1986,9,6,4,8,5,8,5,4,,
Piranacon,Decepticon,1988,9,7,4,6,7,9,10,6,,
Pointblank,Autobot,1987,7,7,4,7,8,10,8,6,,
Pounce,Decepticon,1987,5,7,4,5,6,8,7,10,,
PowerPunch,Decepticon,1990,8,8,7,6,,9,,5,7,7
PowerRun,Autobot,1990,9,6,9,7,,7,,10,9,8
Powerflash,Autobot,1991,7,6,9,8,6,7,9,9,,
Powerglide,Autobot,1985,3,7,8,7,5,8,6,9,,
Powertrain,Autobot,1989,6,9,3,8,,8,,6,9,9
Predaking,Decepticon,1986,10,5,3,8,7,9,9,8,,
Prowl,Autobot,1984,7,9,7,9,9,9,4,9,,
Prowl,Autobot,1990,7,8,6,7,9,9,8,6,,
Punch,Autobot,1987,5,9,4,6,7,10,5,8,,
Quake,Decepticon,1988,8,4,3,9,5,9,9,6,,
Quickmix,Autobot,1988,6,6,7,7,6,9,8,6,,
Quickswitch,Autobot,1988,7,7,7,7,7,8,7,8,,
Rad,Autobot,1990,6,9,2,8,6,9,7,9,,
Raindance,Autobot,1988,4,8,6,5,4,9,5,8,,
Ramhorn,Autobot,1986,8,4,3,9,5,9,3,4,,
Ramjet,Decepticon,1985,8,5,9,9,5,8,7,6,,
Rampage,Decepticon,1986,8,3,5,6,5,9,9,6,,
Ransack,Decepticon,1985,8,5,3,8,5,9,9,5,,
Ratbat,Decepticon,1986,3,9,4,3,6,7,2,9,,
Ratchet,Autobot,1984,4,8,4,5,7,8,3,10,,
Ravage,Decepticon,1984,5,8,5,6,7,4,7,10,,
Razorclaw,Decepticon,1986,8,9,4,9,8,10,7,7,,
RedAlert,Autobot,1985,5,7,8,5,7,7,7,8,,
RedHot,Autobot,1989,4,8,4,6,,9,,8,9,9
Repugnus,Autobot,1987,5,9,2,9,6,10,2,10,,
Retro,Autobot,1990,10,6,8,5,9,9,9,6,,
Rewind,Autobot,1986,4,9,2,7,6,7,4,8,,
Rippersnapper,Decepticon,1987,3,5,5,9,6,8,8,6,,
RoadHugger,Decepticon,1989,8,7,9,7,,8,,6,7,5
Roadblock,Decepticon,1989,8,6,3,9,9,10,8,7,,
RoadBurner,Autobot,1990,9,6,9,7,,7,,10,9,8
Roadbuster,Autobot,1985,8,7,5,9,8,10,6,7,,
Roadhandler,Autobot,1989,5,9,5,7,,8,,5,8,8
Roadgrabber,Decepticon,1988,7,7,7,8,6,8,7,8,,
RodimusPrime,Autobot,1986,10,10,9,10,10,10,9,10,,
Rollbar,Autobot,1987,5,7,4,7,6,10,1,9,,
RollerForce,Decepticon,1990,8,6,10,9,,8,,9,7,8
Rollout,Autobot,1990,8,7,7,8,7,10,9,8,,
Roughstuff,Decepticon,1989,7,4,4,8,6,6,9,5,,
Ruckus,Decepticon,1988,8,8,5,3,5,10,8,7,,
Rumble,Decepticon,1984,2,5,2,8,5,7,9,5,,
Rumbler,Autobot,1991,9,7,6,10,7,10,8,6,,
Runabout,Decepticon,1986,5,6,7,7,6,7,7,7,,
Runamuck,Decepticon,1986,6,6,7,7,6,5,7,8,,
Sandstorm,Autobot,1986,7,9,6,7,6,10,6,9,,
Scattershot,Autobot,1987,8,7,7,8,8,9,8,6,,
Scavenger,Decepticon,1985,7,2,3,6,4,8,6,7,,
Scoop,Autobot,1988,7,8,3,6,6,9,8,8,,
Scorponok,Decepticon,1987,10,9,4,10,10,10,9,9,,
Scourge,Decepticon,1986,8,8,8,7,8,8,7,7,,
Scourge,Decepticon,1987,7,9,6,6,8,8,7,7,,
Scowl,Decepticon,1989,7,6,2,9,5,8,6,8,,
Scrapper,Decepticon,1985,8,8,4,7,5,5,3,9,,
Searchlight,Autobot,1987,3,7,5,8,6,4,1,9,,
Seaspray,Autobot,1985,3,8,6,6,6,10,6,7,,
Seawatch,Autobot,1989,4,8,4,6,,9,,8,9,9
Seawing,Decepticon,1988,7,8,6,4,6,8,6,9,,
Shockwave,Decepticon,1985,10,10,7,7,9,9,9,9,,
Shrapnel,Decepticon,1985,4,6,4,7,6,6,8,9,,
Sideswipe,Autobot,1984,7,7,7,7,5,10,3,6,,
Sideswipe,Autobot,1991,7,7,7,8,8,10,2,6,,
Sidetrack,Autobot,1989,9,7,6,8,,9,,8,8,6
Silverbolt,Autobot,1986,6,8,9,8,8,8,8,5,,
Sinnertwin,Decepticon,1987,8,6,3,9,5,5,6,7,,
Siren,Autobot,1988,6,7,6,7,7,9,6,6,,
Sixshot,Decepticon,1987,10,9,4,9,7,8,9,8,,
Sizzle,Autobot,1988,4,7,6,7,5,7,6,5,,
Skalor,Decepticon,1988,7,5,3,8,4,7,6,6,,
Skids,Autobot,1985,4,9,5,6,8,7,7,7,,
Skullcruncher,Decepticon,1987,10,8,3,10,5,9,5,6,,
Skullgrin,Decepticon,1988,9,9,4,9,6,10,8,5,,
SkyHigh,Autobot,1988,6,8,7,7,6,8,7,8,,
SkyHigh,Autobot,1990,8,10,9,8,,8,,10,8,6
SkyLynx,Autobot,1986,10,8,10,10,9,10,7,8,,
Skydive,Autobot,1986,4,10,9,4,7,7,8,10,,
Skyfall,Autobot,1990,6,6,6,8,6,6,7,7,,
Skyhammer,Autobot,1989,8,8,8,9,7,9,8,9,,
Skyhopper,Decepticon,1989,6,4,7,6,6,8,8,9,,
Skywarp,Decepticon,1984,7,9,10,7,9,9,8,8,,
Slag,Autobot,1985,9,4,3,9,4,7,8,7,,
Slapdash,Autobot,1988,5,5,5,7,4,8,6,5,,
Sledge,Decepticon,1990,9,6,5,8,,9,,8,7,7
Slide,Autobot,1990,9,6,9,7,,7,,10,9,8
Slicer,Decepticon,1991,10,7,7,8,9,10,5,9,,
Slingshot,Autobot,1986,6,6,8,4,5,8,8,9,,
Slog,Decepticon,1989,5,8,2,8,7,7,7,10,,
SlowPoke,Autobot,1990,7,9,8,8,,6,,7,10,7
Sludge,Autobot,1985,9,3,2,10,4,9,1,5,,
Slugfest,Decepticon,1987,9,2,1,7,4,8,,4,,
Slugslinger,Decepticon,1987,6,8,8,7,6,3,8,9,,
Smokescreen,Autobot,1985,4,9,7,6,6,8,7,9,,
Snapdragon,Decepticon,1987,10,9,9,8,6,7,7,7,,
Snaptrap,Decepticon,1988,9,7,2,9,8,8,8,8,,
Snarl,Autobot,1985,9,6,3,9,4,8,1,4,,
Snarl,Autobot,1990,9,6,2,9,5,8,7,5,,
Snarler,Decepticon,1988,7,5,3,10,3,8,8,7,,
Soundwave,Decepticon,1984,8,9,2,6,8,5,6,10,,
Soundwave,Decepticon,1990,8,9,2,6,8,5,6,9,,
Spaceshot,Decepticon,1990,8,7,9,7,8,6,6,9,,
Sparkstalker,Decepticon,1988,5,9,2,6,6,6,4,9,,
Spectro,Decepticon,1986,7,8,2,6,6,7,6,9,,
Spinister,Decepticon,1988,6,8,6,6,7,9,9,8,,
Splashdown,Autobot,1988,7,8,6,7,8,9,7,8,,
Springer,Autobot,1986,9,8,8,9,7,9,7,7,,
Sprocket,Autobot,1990,9,7,8,6,6,9,9,8,,
SpyGlass,Decepticon,1986,7,8,2,6,6,7,6,9,,
Squawktalk,Decepticon,1988,3,5,6,5,6,6,5,8,,
Squeezeplay,Decepticon,1988,8,5,4,9,5,10,7,6,,
Stakeout,Autobot,1989,4,8,4,6,,9,,8,9,9
Starscream,Decepticon,1984,7,7,9,7,5,8,7,7,,
Starscream,Decepticon,1989,10,4,3,10,9,10,8,9,,
Starscream,Decepticon,1990,10,9,9,8,5,8,7,7,,
Steeljaw,Autobot,1986,8,8,2,9,6,9,1,9,,
Stonecruncher,Decepticon,1990,9,6,5,8,,9,,8,7,7
StormCloud,Decepticon,1989,4,8,7,6,,8,,7,2,2
Siren,Autobot,1988,6,7,6,7,7,9,6,6,,
Strafe,Autobot,1987,5,6,6,7,5,8,7,4,,
Stranglehold,Decepticon,1989,9,3,2,9,7,5,6,8,,
Streetwise,Autobot,1986,5,9,6,6,5,9,7,7,,
Strikedown,Autobot,1990,9,6,9,7,,7,,10,9,8
Submarauder,Decepticon,1988,8,9,5,8,6,9,7,8,,
Sunrunner,Autobot,1989,9,7,6,8,,9,,8,8,6
Sunstreaker,Autobot,1984,5,6,7,8,5,7,7,6,,
Superion,Autobot,1986,10,3,8,10,5,10,8,7,,
Sureshot,Autobot,1987,6,7,6,7,6,8,7,10,,
Surge,Autobot,1990,10,6,8,5,9,9,9,6,,
Swerve,Autobot,1986,6,8,5,8,5,6,1,7,,
Swindle,Decepticon,1986,5,9,5,6,6,5,7,10,,
Swindler,Autobot,1989,5,9,5,7,,8,,5,8,8
Swoop,Autobot,1985,6,6,8,9,5,7,7,7,,
Tailspin,Autobot,1989,5,9,5,7,,8,,5,8,8
Tailwind,Decepticon,1989,4,8,7,6,,8,,7,2,2
Take-Off,Decepticon,1991,10,6,9,7,6,8,8,9,,
Takedown,Autobot,1990,10,8,7,7,,9,,8,8,9
Tentakil,Decepticon,1988,8,6,6,6,6,7,7,5,,
Terror-Tread,Decepticon,1990,7,10,9,9,7,8,9,6,,
Thrust,Decepticon,1985,8,6,9,6,5,4,8,7,,
Thundercracker,Decepticon,1984,7,7,9,7,5,8,7,7,,
Thundercracker,Decepticon,1991,7,8,10,8,7,9,7,10,,
Thunderwing,Decepticon,1989,8,7,7,8,6,6,6,9,,
Topspin,Autobot,1985,6,7,8,5,6,10,9,8,,
Tote,Autobot,1989,6,9,3,8,,8,,6,9,9
Tracer,Decepticon,1990,10,7,9,6,,9,,9,7,7
Tracks,Autobot,1985,6,6,7,8,5,6,8,8,,
Tracks,Autobot,1991,8,7,6,9,6,7,10,8,,
Trailbreaker,Autobot,1984,7,6,4,10,7,9,3,7,,
TreadBolt,Autobot,1990,8,10,9,8,,8,,10,8,6
Treadshot,Decepticon,1990,6,7,3,8,7,8,8,10,,
Triggerhappy,Decepticon,1987,7,7,7,7,5,9,8,6,,
Trip-Up,Autobot,1990,6,8,8,10,,9,,9,9,8
Trypticon,Decepticon,1986,10,7,8,10,9,10,10,8,,
Turbomaster,Decepticon,1991,9,7,6,9,8,10,5,7,,
TwinTwist,Autobot,1985,8,4,7,7,5,9,7,6,,
UltraMagnus,Autobot,1986,9,9,6,8,8,9,6,8,,
Vanquish,Decepticon,1990,8,8,7,6,,9,,5,7,7
Venom,Decepticon,1985,3,9,3,6,7,9,8,8,,
Viewfinder,Decepticon,1986,7,8,2,6,6,7,6,9,,
Vortex,Decepticon,1986,4,9,6,5,6,7,7,8,,
Vroom,Autobot,1989,6,9,5,6,7,9,7,10,,
Warpath,Autobot,1985,9,5,2,8,5,9,7,10,,
Waverider,Autobot,1988,7,7,6,8,6,9,7,8,,
Weirdwolf,Decepticon,1987,8,8,9,8,6,9,7,7,,
WheelBlaze,Autobot,1990,9,6,9,7,,7,,10,9,8
Wheelie,Autobot,1986,4,5,8,9,5,8,7,8,,
Wheeljack,Autobot,1984,7,9,7,5,8,9,7,10,,
Wheeljack,Autobot,1990,8,8,6,9,8,9,6,7,,
Whirl,Autobot,1985,8,8,8,8,6,9,8,8,,
Whisper,Decepticon,1989,4,8,7,6,,8,,7,2,2
Wideload,Autobot,1987,9,4,2,9,5,7,1,5,,
Wildfly,Decepticon,1989,6,5,6,7,6,8,6,7,,
Wildrider,Decepticon,1986,6,6,7,7,6,8,8,6,,
Windcharger,Autobot,1984,4,6,8,4,5,9,7,9,,
Windmill,Autobot,1991,8,9,8,6,7,10,7,9,,
Windsweeper,Decepticon,1988,8,3,7,7,6,9,8,6,,
Wingspan,Decepticon,1987,5,9,6,5,6,7,7,9,,
Wreck-Gar,Autobot,1986,8,7,6,10,7,9,7,7,,
Tailgate,Autobot,1986,5,5,6,6,6,7,2,7,,
Afterburner,Decepticon,1993,8,9,9,7,7,9,8,8,,
AirRaid,Autobot,1994,5,7,9,7,5,10,8,7,,
AirRaid,Autobot,1995,5,7,9,7,5,10,8,7,,
Aquablast,Decepticon,1993,7,9,8,6,8,7,9,10,,
Aquafend,Autobot,1993,8,9,8,6,9,9,9,8,,
Beachcomber,Autobot,1993,3,9,5,7,6,6,1,10,,
BlastOff,Decepticon,1994,3,8,10,3,5,5,9,10,,
Blowout,Autobot,1995,6,6,10,9,5,7,9,6,,
Bonecrusher,Decepticon,1993,9,3,2,8,4,8,6,6,,
Boss,Autobot,1992,7,10,8,7,10,10,9,10,,
Brawl,Decepticon,1994,8,2,4,9,5,8,8,7,,
Breakdown,Decepticon,1994,6,7,7,7,6,8,6,6,,
Bulletbike,Decepticon,1995,8,5,9,4,5,8,7,6,,
Bumblebee,Autobot,1993,2,8,4,7,7,10,2,7,,
Bumblebee,Autobot,1995,2,8,9,7,7,10,4,7,,
Calcar,Decepticon,1993,8,10,8,8,10,9,9,10,,
Clench,Decepticon,1993,10,8,10,9,10,10,10,9,,
Deftwing,Autobot,1992,9,10,9,7,10,8,9,10,,
Deluge,Autobot,1993,9,8,8,10,8,9,8,8,,
Deluge,Decepticon,1993,7,9,8,6,7,7,9,10,,
Dirtbag,Decepticon,1995,8,3,2,9,4,6,7,4,,
DoubleClutch,Autobot,1995,8,5,10,8,5,7,6,6,,
Dreadwing,Decepticon,1994,8,6,8,7,7,9,10,6,,
Drench,Autobot,1993,7,9,9,7,7,9,9,9,,
Drench,Decepticon,1993,6,9,8,8,9,5,8,9,,
EagleEye,Decepticon,1993,6,9,9,7,9,8,8,9,,
Electro,Autobot,1994,8,6,9,5,5,9,6,5,,
Fearswoop,Decepticon,1993,9,10,9,7,10,8,9,10,,
Firecracker,Autobot,1995,7,4,10,8,5,9,8,6,,
Fireflight,Autobot,1994,7,5,8,8,6,9,7,3,,
Flash,Autobot,1992,7,7,10,9,6,9,8,7,,
Frenzy,Decepticon,1995,3,7,8,5,8,10,5,5,,
Gearhead,Autobot,1995,8,6,10,9,5,7,6,7,,
Gobots,Autobot,1993,9,8,8,10,8,9,8,8,,
HighBeam,Autobot,1995,7,7,10,6,6,9,6,7,,
Hook,Decepticon,1993,8,9,3,6,4,6,3,10,,
Hooligan,Decepticon,1995,5,3,8,4,4,3,7,6,,
HubCap,Autobot,1993,3,9,4,3,6,8,1,9,,
Hurricane,Autobot,1992,10,5,9,9,5,9,8,6,,
Hydradread,Decepticon,1993,7,9,8,6,7,7,9,10,,
Inferno,Autobot,1993,8,9,3,6,4,6,3,10,,
Ironfist,Autobot,1992,8,10,8,8,10,9,9,10,,
Ironhide,Autobot,1995,8,6,9,7,7,9,7,7,,
IronhideEur,Autobot,1995,10,6,3,9,7,9,7,7,,
Jazz,Autobot,1993,5,9,7,7,8,9,5,10,,
Jetfire,Autobot,1995,6,10,10,4,9,9,7,9,,
Jetstorm,Autobot,1993,7,9,9,7,7,9,9,9,,
Jetstorm,Decepticon,1993,6,9,8,8,9,5,8,9,,
Jolt,Decepticon,1994,7,6,9,5,3,4,4,6,,
Leadfoot,Autobot,1994,4,6,10,7,6,5,8,9,,
LongHaul,Decepticon,1993,9,5,2,9,4,8,7,4,,
MantaRay,Autobot,1994,7,8,10,7,6,5,8,7,,
Meanstreak,Autobot,1995,7,7,10,6,5,9,7,5,,
Megatron,Decepticon,1995,9,9,8,9,10,7,7,6,,
Megatron,Decepticon,1993,9,9,4,9,10,7,10,6,,
Megatron,Decepticon,1994,9,9,4,9,10,7,10,6,,
Megatron,Decepticon,1995,9,9,8,9,10,7,7,6,,
Mirage,Autobot,1995,6,9,9,5,7,5,6,10,,
Mixmaster,Decepticon,1993,7,6,4,8,2,6,7,9,,
Motormouth,Autobot,1995,6,3,10,7,5,8,6,6,,
Nightracer,Decepticon,1995,5,7,9,7,6,9,9,10,,
Onslaught,Decepticon,1994,8,8,3,7,7,8,8,9,,
OptimusPrime,Autobot,1993,9,10,8,10,9,9,8,10,,
OptimusPrime,Autobot,1994,9,10,8,9,10,8,10,9,,
OptimusPrime,Autobot,1995,10,9,10,10,10,10,10,10,,
OptimusPrimeGobot,Autobot,1995,10,10,10,10,10,10,10,10,,
Powerdive,Decepticon,1994,5,5,8,4,4,9,8,8,,
Pyro,Autobot,1993,10,9,9,10,10,10,10,8,,
Rage,Decepticon,1993,9,10,10,8,10,10,9,9,,
Ramjet,Decepticon,1993,8,5,9,9,5,8,7,6,,
Ransack,Decepticon,1994,8,5,9,9,5,8,7,6,,
Rapido,Autobot,1993,9,10,10,8,10,9,9,8,,
RoadPig,Decepticon,1995,8,2,7,5,3,6,6,4,,
RoadRocket,Autobot,1995,6,6,8,4,4,5,6,5,,
Roadblock,Decepticon,1995,8,3,4,8,4,8,6,5,,
Rotorstorm,Autobot,1992,8,10,9,7,7,10,8,9,,
Scavenger,Decepticon,1993,7,2,3,6,4,8,6,7,,
Scorch,Autobot,1992,6,10,8,6,7,7,8,9,,
Scrapper,Decepticon,1993,8,8,4,6,5,5,3,9,,
Seaspray,Autobot,1993,3,8,6,6,6,10,6,7,,
Sideswipe,Autobot,1993,6,8,6,8,7,7,6,10,,
Sideswipe,Autobot,1995,7,7,9,7,5,9,3,6,,
Silverbolt,Autobot,1994,6,8,9,8,8,8,8,5,,
Sizzle,Decepticon,1994,7,8,9,6,7,9,8,7,,
Skram,Autobot,1993,7,8,9,6,7,9,8,7,,
Skyjack,Decepticon,1995,5,8,8,4,5,4,7,7,,
Skyquake,Decepticon,1992,9,10,9,10,10,10,10,9,,
Slag,Autobot,1993,9,4,3,9,4,7,8,7,,
Slingshot,Autobot,1994,6,6,8,4,5,8,8,9,,
Snarl,Autobot,1993,9,6,3,9,4,8,1,4,,
Soundwave,Decepticon,1995,8,9,7,6,8,5,6,10,,
SpaceCase,Decepticon,1995,5,2,8,4,4,3,7,5,,
Speedstream,Autobot,1993,8,10,10,9,10,10,9,9,,
Stalker,Decepticon,1992,10,8,9,8,7,10,9,7,,
Starscream,Decepticon,1993,7,7,9,7,5,8,7,7,,
Staxx,Decepticon,1995,8,5,4,9,6,9,7,5,,
Strafe,Autobot,1995,5,6,6,7,5,8,7,4,,
Swindle,Decepticon,1994,5,8,5,6,6,5,7,10,,
Terradive,Decepticon,1993,10,5,8,9,8,9,9,7,,
Thunderclash,Autobot,1992,10,10,10,9,10,10,10,9,,
Turbofire,Autobot,1993,9,5,8,7,8,9,8,6,,
Volt,Autobot,1994,5,5,10,2,6,8,5,6,,
Vortex,Decepticon,1994,9,6,7,4,3,5,4,4,,
Windbreaker,Autobot,1993,8,8,10,7,9,9,7,8,,
Windrazor,Decepticon,1993,8,10,10,8,10,9,9,9,,
Falcon,Decepticon,1992,8,10,8,9,10,10,9,10,,
Snare,Decepticon,1992,7,8,9,9,6,9,8,7,,
Talon,Decepticon,1992,10,4,8,9,4,8,8,5,,
Skydive,Decepticon,1992,8,9,9,7,6,8,8,10,,
Grandus,Cybertron,1991,10,9,9,10,8,9,10,9,,
Sixliner,Cybertron,1991,9,9,9,9,6,9,9,9,,
SkyGarry,Cybertron,1991,9,10,10,9,9,9,9,10,,
StarConvoy,Cybertron,1991,10,10,10,10,10,10,10,10,,
Artfire,Cybertron,1987,,,,,,,,,,
Decibel,Cybertron,1987,8,4,5,6,5,6,6,6,,
Dile,Cybertron,1987,5,6,6,7,5,5,7,8,,
Dail,Cybertron,1987,,,,,,,,,,
Getsuei,Cybertron,1987,5,6,8,4,3,8,4,6,,
Graphy,Cybertron,1987,6,4,5,8,3,5,8,6,,
Kaen,Cybertron,1987,5,6,6,7,3,6,5,3,,
Kirk,Cybertron,1987,,,,,,,,,,
Legout,Cybertron,1987,8,8,5,6,5,7,7,8,,
Lione,Cybertron,1987,,,,,,,,,,
Loafer,Cybertron,1987,,,,,,,,,,
Noise,Cybertron,1987,8,2,6,6,5,6,6,6,,
Raiden,Cybertron,1987,10,4,10,7,4,8,6,5,,
Rodney,Cybertron,1987,,,,,,,,,,
Seizan,Cybertron,1987,7,5,9,6,3,6,4,6,,
Shouki,Cybertron,1987,6,6,10,6,4,9,4,6,,
Shuffler,Cybertron,1987,,,,,,,,,,
Sinnertwin,Decepticon,1987,8,6,3,9,5,5,6,7,,
Soundblaster,Destron,1987,8,10,2,7,8,6,6,10,,
Stepper,Cybertron,1987,7,7,9,5,8,8,7,6,,
Suiken,Cybertron,1987,3,7,7,4,3,7,4,6,,
Trizer,Cybertron,1987,,,,,,,,,,
Twincast,Cybertron,1987,8,8,2,9,7,9,7,8,,
Yukikaze,Cybertron,1987,6,5,10,5,3,8,4,5,,
Zaur,Cybertron,1987,9,4,2,7,4,6,6,8,,
Raiden,Cybertron,1987,10,4,10,7,4,8,6,5,,
Aquastar,Cybertron,1988,,,,,,,,,,
BlackZarak,Destron,1988,10,10,9,10,10,9,10,10,,
Browning,Destron,1988,7,4,5,8,4,6,9,7,,
Bullet,Cybertron,1988,,,,,,,,,,
Buster,Destron,1988,8,7,6,10,5,9,6,7,,
Doubleclouder,Cybertron,1988,,,,,,,,,,
GoShooter,Cybertron,1988,,,,,,,,,,
GodGinrai,Cybertron,1988,10,10,9,10,10,10,10,10,,
Godbomber,Cybertron,1988,9,6,8,8,6,6,10,7,,
GrandMaximus,Cybertron,1988,10,10,10,10,10,10,10,9,,
Guzzle,Destron,1988,8,3,4,6,3,7,9,3,,
Hardspark,Cybertron,1988,,,,,,,,,,
Hotspark,Cybertron,1988,,,,,,,,,,
Hydra,Destron,1988,4,8,6,10,7,10,6,8,,
Javil,Destron,1988,8,2,3,6,2,8,8,3,,
Metalhawk,Cybertron,1988,9,10,10,8,10,10,9,9,,
Minerva,Cybertron,1988,,,,,,,,,,
Overlord,Destron,1988,9,3,3,10,10,9,8,2,,
Ranger,Cybertron,1988,8,7,6,10,5,9,6,7,,
Sixknight,Cybertron,1988,7,7,7,7,7,8,7,8,,
SuperGinrai,Cybertron,1988,9,10,8,10,10,10,9,10,,
Zetoca,Cybertron,1988,,,,,,,,,,
BlackShadow,Destron,1989,8,8,9,8,8,8,8,8,,
BlackHeat,Cybertron,1990,5,8,6,6,7,6,6,7,,
DaiAtlas,Cybertron,1990,10,10,10,10,10,10,10,10,,
DeadHour,Cybertron,1990,5,8,6,6,7,6,6,7,,
DeadWheeler,Cybertron,1990,6,7,8,6,6,7,7,8,,
Gingham,Cybertron,1990,5,8,6,6,7,6,6,7,,
Gunlift,Cybertron,1990,7,5,6,7,5,7,7,6,,
Gunrunner,Cybertron,1990,6,6,6,8,7,7,9,8,,
Metrotitan,Destron,1990,10,9,8,10,10,10,10,7,,
Powerbomb,Cybertron,1990,7,5,6,7,5,7,7,6,,
Rabbicrater,Cybertron,1990,5,8,9,5,6,6,4,7,,
RoadFire,Cybertron,1990,10,9,9,10,9,10,10,10,,
RoadHugger,Cybertron,1990,5,8,6,6,7,6,6,7,,
Sidetrack,Cybertron,1990,7,5,6,7,5,7,7,6,,
SonicBomber,Cybertron,1990,9,10,10,9,9,10,10,10,,
Sunrunner,Cybertron,1990,7,5,6,7,5,7,7,6,,
Blacker,Cybertron,1989,9,8,8,8,9,8,8,8,,
BlueBacchus,Destron,1989,8,8,8,8,8,7,8,8,,
Braver,Cybertron,1989,8,10,8,8,8,8,8,9,,
DashTacker,Cybertron,1989,7,6,8,7,6,6,1,8,,
Deathsaurus,Destron,1989,10,10,10,10,10,9,10,10,,
Dinoking,Destron,1989,9,7,7,9,7,9,9,8,,
Doryu,Destron,1989,6,4,4,6,6,5,5,5,,
Drillhorn,Destron,1989,9,9,6,10,8,7,7,7,,
Gaihawk,Destron,1989,7,8,10,8,8,8,8,8,,
Gairyu,Destron,1989,5,4,7,7,6,5,4,4,,
GalaxyShuttle,Cybertron,1989,10,10,6,9,6,5,5,5,,
Goryu,Destron,1989,7,4,6,6,7,6,7,5,,
GreatShot,Cybertron,1989,10,10,9,10,9,9,10,10,,
Hellbat,Destron,1989,7,9,9,7,8,6,7,7,,
Jaruga,Destron,1989,8,8,8,8,8,8,8,8,,
Kakuryu,Destron,1989,6,4,3,6,6,4,5,5,,
Killbison,Destron,1989,10,5,7,9,8,8,9,7,,
Landcross,Cybertron,1989,9,8,8,9,7,9,9,8,,
Laster,Cybertron,1989,8,8,8,8,8,8,8,10,,
Leozak,Destron,1989,8,8,9,8,9,8,8,8,,
Liokaiser,Destron,1989,10,9,10,10,9,9,9,9,,
MachTackle,Cybertron,1989,7,7,8,8,6,7,6,8,,
Rairyu,Destron,1989,8,5,5,6,6,6,5,4,,
RoadCaesar,Cybertron,1989,10,10,9,9,9,8,8,10,,
StarSaber,Cybertron,1989,9,9,10,10,10,10,10,9,,
VictoryLeo,Cybertron,1989,9,9,10,10,10,10,10,9,,
VictorySaber,Cybertron,1989,10,10,10,10,10,10,10,10,,
WingWaver,Cybertron,1989,7,8,8,7,7,8,7,7,,
Yokuryu,Destron,1989,4,4,8,4,6,5,7,5,,
Hoist,Autobot,1997,8,7,4,8,3,9,6,7,,
Hubcap,Autobot,1997,4,8,8,7,5,8,5,4,,
Megaplex,Decepticon,1997,5,5,8,7,6,8,7,6,,
Megatron,Decepticon,1997,10,10,9,10,10,10,9,10,,
Mirage,Autobot,1997,6,9,9,5,7,5,6,10,,
OptimusPrime,Autobot,1997,10,10,10,10,10,10,10,10,,
Prowl,Autobot,1997,6,8,10,7,7,9,6,6,,
Sandstorm,Autobot,1997,7,4,10,6,5,8,7,7,,
Skywarp,Decepticon,1997,5,2,7,7,3,7,6,4,,
Soundwave,Decepticon,1997,8,9,2,6,8,5,8,6,,
Starscream,Decepticon,1997,7,7,9,7,5,8,7,7,,
Thundercracker,Decepticon,1997,6,4,7,7,4,8,6,4,,
Airazor,Maximal,1997,6,7,9,5,6,7,4,7,,
Airazor,Maximal,1998,6,7,9,5,6,7,4,7,,
TMAirazor,Maximal,1998,5,7,9,6,6,7,4,7,,
FKTMAirazor,Maximal,2000,5,7,9,6,6,7,4,7,,
AirHammer,Maximal,1998,5,8,10,9,6,6,4,8,,
Antagony,Predacon,1998,7,8,6,8,6,8,7,9.9,,
Arachnid,Predacon,1997,,,,,,,,,,
Armordillo,Maximal,1996,5,5,4,7,6,8,4,7,,
BBoom,Maximal,1997,8,7,6,7,7,9,7,6,,
Backstreet,Autobot,1988,6,6,6,8,6,6,7,7,,
Bantor,Maximal,1998,6,9,6,7,5,9,4,8,,
Blackarachnia,Predacon,1996,4,7,6,6,5,8,7,6,,
Blackarachnia,Maximal,1999,5.5,9.3,7.2,6.8,5.0,7.6,6.1,8.5,,
Bonecrusher,Maximal,1997,9,5,7,4,7,9,7,6,,
BuzzSaw,Predacon,1996,7,6,8,5,6,5,7,6,,
Buzzclaw,Predacon,1998,6,7,5,5,3,5,5,9,,
Cheetor,Maximal,1996,6,5,10,8,6,9,7,7,,
Cheetor,Maximal,1998,8,6,10,9,7,9,8,8,,
TM2Cheetor,Maximal,1999,8.1,7.2,10,9.2,7.1,9.5,7.2,7.7,,
FKCheetor,Maximal,1999,6,5,10,8,6,9,7,7,,
FKTMCheetor,Maximal,1999,8,6,10,9,7,9,8,8,,
Cheetor,Maximal,2006,,,,,,,,,,
FKTMCheetor,Maximal,1999,8,6,10,9,7,9,8,8,,
Cicadacon,Predacon,1997,,,,,,,,,,
ClawJaw,Maximal,1997,6,4,8,4,4,7,5,6,,
Cybershark,Maximal,1997,7,5,8,5,6,9,5,4,,
Cybershark,Maximal,1999,7.9,5.3,6.4,5.8,7.0,9.8,7.1,6.5,,
DepthCharge,Maximal,1998,9,10,8,9,10,10+,9,9,,
Dinobot,Maximal,1996,8,5,9,5,6,9,6,6,,
Dinobot,Predacon,1999,8.6,6.3,7.7,7.5,6.0,8.9,6.8,9.5,,
FKDinobot,Maximal,1999,8,5,9,5,6,9,6,6,,
DinobotWhite,Predacon,1999,8.6,6.3,7.7,7.5,6.0,8.9,6.8,9.5,,
Dinobot,Maximal,2006,,,,,,,,,,
DrillBit,Predacon,1997,6,3,2,8,4,7,3,4,,
Fractyl,Predacon,1997,4,9,8,4,4,5,5,6,,
Grimlock,Maximal,1997,8,7,7,5,5,9,6,7,,
Icebird,Mutant,2000,8.4,8.9,7.9,7.5,10.0,9.0,8.9,9.0,,
Iguanus,Predacon,1996,5,8,7,5,5,7,6,6,,
Iguanus,Predacon,1999,5.6,8.1,3.5,6.5,4.5,7.2,8.3,7.3,,
Inferno,Predacon,1996,7,4,8,4,7,8,6,5,,
Injector,Predacon,1998,5,8,8,7,7,8,6,7,,
Insecticon,Predacon,1996,6,7,5,5,5,4,6,5,,
Ironhide,Maximal,1997,,,,,,,,,,
Jawbreaker,Maximal,1999,7.2,5.1,6.8,8.3,5.0,9.4,6.6,8.6,,
Jetstorm,Predacon,1997,3,4,7,5,3,5,7,6,,
K-9,Maximal,1997,5,8,7,6,4,7,4,6,,
Lazorbeak,Predacon,1997,6,4,9,3,5,8,5,5,,
Magnaboss,Maximal,1997,10,10,9,10,10,10,10,10,,
Manterror,Predacon,1997,5,9,6,3,6,5,8,10,,
MegatronGator,Predacon,1996,10,9,10,10,10,9,7,10,,
Megatron,Predacon,1996,10,9,10,10,10,10,10,10,,
Megatron,Predacon,1998,10+,9,10+,10+,10,10+,10+,10+,,
Megatron,Predacon,1999,10+,9.9,10+,10+,10,10+,10+,10+,,
OnyxPrimal,Maximal,1996,10,10,10,10,9,10,10,10,,
OptimusPrimalBat,Maximal,1996,10,10,10,10,10,10,7,10,,
OptimalOptimus,Maximal,1998,10+,10+,10+,10+,10+,10+,10+,10+,,
OptimusPrimalBat,Maximal,1996,10,10,10,10,10,10,7,10,,
OptimusMinor,Maximal,1999,6.1,8.3,5,6.3,4.8,7.5,3.9,7.1,,
OptimusPrimalBat,Maximal,1996,10,10,10,10,10,10,7,10,,
OptimusPrimal,Maximal,1996,10,10,10,10,10,10,10,10,,
OptimusPrimal,Maximal,1998,10+,10+,10+,10+,10+,10+,10+,10+,,
OptimusPrimalBat,Maximal,1996,10,10,10,10,10,10,7,10,,
Nightglider,Maximal,1999,3.8,8.2,7.1,7.7,5.0,8.5,3.6,6.3,,
Noctorro,Maximal,1998,8,8,7,7,4,8,4,6,,
Packrat,Maximal,1997,6,6,8,5,4,8,6,6,,
WalmartRattrap,Maximal,1999,6,7,9,5,5,8,6,7,,
PoisonBite,Mutant,2000,8,6,7,8,6,8,6,9,,
PolarClaw,Maximal,1996,9,7,4,6,8,9,8,7,,
Powerpinch,Predacon,1997,8,4,9,4,2,7,4,5,,
PredaconTarantulas,Predacon,2006,,,,,,,,,,
Prowl,Maximal,1999,6.1,8.2,7.9,7.6,6.5,8.1,8.8,7.9,,
ProwlBlack,Maximal,1999,6.1,8.2,7.9,7.6,6.5,8.1,8.8,7.9,,
Quickstrike,Predacon,1998,5,7,5,6,6,10,6,8,,
RamHorn,Predacon,1997,,,,,,,,,,
Rampage,Predacon,1998,10+,9,9,10+,9,10+,10+,9,,
Ramulus,Maximal,1999,7.2,8.3,5.7,8.2,5,7.8,6.3,8.1,,
Rattrap,Maximal,1996,6,7,8,5,5,8,6,7,,
Rattrap,Maximal,1998,6,7,9,5,5,8,6,7,,
WalmartRattrap,Maximal,1999,6,7,9,5,5,8,6,7,,
FKTMRattrap,Maximal,2000,6,7,9,5,5,8,6,7,,
Rattrap,Maximal,2006,,,,,,,,,,
RazorClaw,Mutant,2000,6,7,8,8,5,8,7,9,,
Razorbeast,Maximal,1996,9.2,6.2,4.5,8.1,5.6,10,6.3,7.9,,
Razorclaw,Predacon,1997,8,4,2,9,3,9,5,6,,
Razorclaw,Predacon,1998,8,4,2,9,3,9,5,6,,
Retrax,Predacon,1997,8,8,1,9,7,7,2,8,,
Rhinox,Maximal,1996,9,6,3,9,5,10,6,6,,
Rhinox,Maximal,1998,10,6,7,9,5,10,6,7,,
FKRhinox,Maximal,1999,9,6,3,9,5,10,6,6,,
FKTMRhinox,Maximal,2000,10,6,7,9,5,10,6,7,,
FKTMRhinox,Maximal,2000,10,6,7,9,5,10,6,7,,
FKTMRhinox,Maximal,2000,10,6,7,9,5,10,6,7,,
Sandstorm,Predacon,1999,8,9,6,8,10,9,7,9,,
Scarem,Predacon,1999,5.6,6.2,5.3,8.2,2.9,9.1,4.2,6.5,,
Scavenger,Predacon,1998,7,6,8,4,7,8,6,5,,
Scorponok,Predacon,1996,8,5,5,7,6,7,9,8,,
Scourge,Predacon,1999,4.6,7.0,8.7,6.5,6.0,8.7,7.8,9.3,,
SeaClamp,Predacon,1997,,,,,,,,,,
Shokaract,Predacon,2000,10+,10+,9,10+,10+,10+,10+,10+,,
Silverbolt,Maximal,1998,7,10,8,8,7,9,6,8,,
SkyShadow,Predacon,1998,4,9,6,6,8,8,5,8,,
Snapper,Predacon,1996,6,8,9,8,6,7,4,5,,
Snarl,Maximal,1997,7,5,9,5,2,7,4,5,,
Sonar,Maximal,1999,4.6,6.8,6.5,5.5,4.2,6.8,4.5,7.4,,
Soundwave,Mutant,2000,6.8,6.7,8.4,5.3,5.0,8.9,7.7,7.9,,
Spittor,Predacon,1997,2,7,5,6,6,9,4,7,,
Spittor,Predacon,1998,2,7,5,6,6,9,4,7,,
Spittor,Predacon,1999,5.8,4.9,6.9,8.1,5.0,7.1,5.7,8.9,,
Stinkbomb,Maximal,1999,6.5,8.9,7.1,7.1,6.0,8.1,4.7,5.9,,
Tarantulas,Predacon,1996,8,4,7,6,5,7,7,8,,
Tarantulas,Predacon,1998,9,4,8,6,5,7,7,8,,
FKTMTarantulas,Predacon,1999,9,4,8,6,5,7,7,8,,
PredaconTarantulas,Predacon,2006,,,,,,,,,,
Terragator,Predacon,1998,6,6,4,5,6,9,7,7,,
Terrorsaur,Predacon,1996,6,5,8,4,6,7,5,6,,
Terrorsaur,Predacon,1998,6,4,10,3,5,8,3,5,,
Tigatron,Maximal,1996,8,3,8,7,4,10,7,6,,
Tigerhawk,Maximal,1999,8.2,10,8.1,7.3,7.0,8.4,9.7,8.6,,
Torca,Maximal,1998,10,9,4,6,8,9,6,8,,
Trans-Mutate,Maximal,2006,,,,,,,,,,
Transquito,Predacon,1997,5,4,9,8,6,8,7,6,,
Tripredacus,Predacon,1997,10,10,9,10,10,10,10,10,,
TripredacusAgent,Predacon,1999,,,,,,,,,,
TripredacusAgent,Predacon,2001,6.5,8.6,8.2,7.1,7.0,8.6,5.8,9.4,,
ViceGrip,Predacon,1998,8,5,5,7,5,8,6,7,,
Waspinator,Predacon,1996,8,5,8,5,6,7,7,6,,
Waspinator,Predacon,1998,7,6,9,7,5,4,7,6,,
FKWaspinator,Predacon,1999,8,5,8,5,6,7,7,6,,
FKTMWaspinator,Predacon,2000,7,6,9,7,5,4,7,6,,
FKTMWaspinator,Predacon,2000,7,6,9,7,5,4,7,6,,
FKTMWaspinator,Predacon,2000,7,6,9,7,5,4,7,6,,
Windrazor,Maximal,1999,6,7,8,8,5,6,7,8,,
Wolfang,Maximal,1996,8,5,9,5,5,9,6,8,,
Autocrusher,Destron,1998,9,8,6,9,7,9,8,9,,
Autojetter,Destron,1998,7,7,9,8,6,8,8,9,,
Autolauncher,Destron,1998,8,8,8,9,6,8,9,7,,
Autostinger,Destron,1998,8,8,8,9,6,8,9,7,,
BB,Destron,1998,8,4,6,9,5,8,9,7,,
Bighorn,Cybertron,1998,9,6,9,9,8,7,8,8,,
BigMos,Cybertron,1998,9,9,9,8,9,9,10,9,,
Coelagon,Destron,1998,,,,,,,,,,
BurningConvoy,Cybertron,1998,10,10,10,10,10,10,10,10,,
Dirge,Destron,1998,6,7,9,5,5,4,5,7,,
DirgeGun,Destron,1998,7,7,9,7,5,3,7,7,,
Diver,Cybertron,1998,4,6,7,5,5,4,7,7,,
Dj,Cybertron,1998,3,9,8,2,8,8,6,6,,
DrillNuts,Cybertron,1998,4,6,5,4,5,7,7,7,,
Galvatron,Destron,1998,10,10,10,10,10,9,10,10,,
Gigastorm,Destron,1998,10,8,6,10,9,9,10,10,,
Gimlet,Cybertron,1998,8,5,5,9,7,8,4,6,,
GodNeptune,Destron,1998,10,10,8,10,10,9,10,10,,
Halfshell,Destron,1998,,,,,,,,,,
Hellscream,Destron,1998,8,10,10,8,8,5,8,8,,
Ikard,Cybertron,1998,4,9,7,6,5,5,10,3,,
LioConvoy,Cybertron,1998,10,10,10,10,10,10,9,10,,
BlackLioConvoy,Cybertron,1998,10,10,10,10,10,10,9,10,,
FlashLioConvoy,Cybertron,1998,10,10,10,10,10,10,9,10,,
LioJunior,Cybertron,1998,8,7,8,6,7,10,5,5,,
Magnaboss,Cybertron,1998,10,10,10,10,9,10,10,10,,
Mantis,Cybertron,1998,8,9,9,6,6,7,8,9,,
MaxB,Destron,1998,9,4,7,9,5,8,9,7,,
Megastorm,Destron,1998,10,9,6,10,9,8,10,10,,
Motorarm,Cybertron,1998,10,5,3,10,7,8,6,8,,
Powerhug,Cybertron,1998,9,7,9,10,8,8,6,5,,
Santon,Cybertron,1998,10,9,4,10,8,8,6,10,,
Scissorboy,Cybertron,1998,6,5,8,5,5,6,4,6,,
Scylla,Destron,1998,,,,,,,,,,
SeaPhantom,Destron,1998,,,,,,,,,,
Skywarp,Cybertron,1998,5,10,10,6,6,9,8,10,,
Stascream,Destron,1998,6,10,10,6,8,5,6,8,,
Terrormander,Destron,1998,,,,,,,,,,
Thrust,Destron,1998,6,6,10,6,3,4,5,6,,
Thrustor,Destron,1998,7,6,8,8,4,4,7,6,,
Tonbot,Cybertron,1998,7,6,10,7,7,8,9,8,,
Tripledacus,Cybertron,1998,10,9,7,10,8,10,10,10,,
Archadis,Destron,1999,7,9,9,7,9,6,8,9,,
Bazooka,Destron,1999,7,5,3,9,6,6,5,6,,
BigConvoy,Cybertron,1999,10,10,9,10,10,10,9,10,,
BlackBigConvoy,Cybertron,1999,10,10,9,10,10,10,9,10,,
Break,Cybertron,1999,5,5,6,6,7,9,6,5,,
Bump,Cybertron,1999,6,10,5,10,8,5,7,4,,
Corahda,Cybertron,1999,6,5,7,7,7,7,9,7,,
Crazybolt,Destron,1999,4,7,7,6,6,6,7,6,,
DeadEnd,Destron,1999,5,8,9,8,7,8,5,6,,
Drancron,Blendtron,1999,10,9,10,8,9,10,10,9,,
Elephaorpha,Blendtron,1999,10,9,8,10,9,10,10,9,,
Guiledart,Destron,1999,8,9,8,10,9,7,6,9,,
Hardhead,Destron,1999,7,4,8,8,6,7,5,7,,
Heinlad,Cybertron,1999,?,?,?,?,?,?,?,?,,
Hydra,Destron,1999,5,8,10,4,6,6,5,7,,
KillerPunch,Destron,1999,8,7,7,9,6,8,6,7,,
Longrack,Cybertron,1999,8,10,9,8,8,8,7,7,,
MachKick,Cybertron,1999,9,9,10,9,9,8,7,9,,
Magmatron,Destron,1999,10,10,10,10,10,10,9,10,,
Randy,Cybertron,1999,8,6,9,8,7,7,6,5,,
Rartorarta,Blendtron,1999,10,10,10,9,9,10,10,10,,
Rockbuster,Cybertron,1999,6,10,5,10,8,5,7,4,,
Saberback,Destron,1999,7,4,6,8,8,5,7,8,,
SharpEdge,Cybertron,1999,7,5,9,6,7,7,7,6,,
Sling,Destron,1999,6,3,7,7,6,9,4,7,,
Stampy,Cybertron,1999,4,7,8,4,7,4,5,8,,
Survive,Cybertron,1999,9,9,8,10,9,10,7,8,,
AirRaptor,Dinobot,2000,5.5,8.3,9.2,8.8,6.0,8.6,6.5,9.5,,
Apelinq,Maximal,2000,9,10,8,9,9.5,10,10,10,,
Arcee,Autobot,2001,7,8,4,7,8,8,6,10,,
BattleUnicorn,Maximal,2001,7.5,9.0,9.0,8.0,6.0,8.5,7.5,9.0,,
BeastChanger,Maximal,2001,9.9,8.7,8.9,9.0,7.5,7.9,8.7,9.2,,
Blackarachnia,Maximal,2000,5.5,9.3,7.2,6.8,5.0,7.6,6.1,8.5,,
Blastcharge,Vehicon,2000,9.3,2.2,5.2,8.5,4.6,7.9,9.0,8.5,,
Buzzsaw,Maximal,2000,5,6,8,,7,4,5,9,,
Che,Maximal,2000,5.7,1.4,9,6.8,2.4,7.3,4.9,6.5,,
Cheetor,Maximal,2000,8,7,10,9,7,9,6,8,,
SupCheetor,Maximal,2000,8,8,10,9,7,9,6,8,,
NightSlashCheetor,Maximal,2001,9.0,8.0,9.9,7.5,7.0,9.0,8.0,8.0,,
Rav,Maximal,2000,3.2,5.0,7.4,2.3,2.3,8.5,6.7,7.8,,
Dinotron,Dinobot,2000,7.5,6.3,4.2,6.8,5.0,8.6,7.1,8.5,,
Dillo,Maximal,2000,4.6,3.7,4.5,4.8,3.0,4.5,7.0,5.8,,
Dillo,Maximal,2000,4.6,3.7,4.5,4.8,3.0,4.5,7.0,5.8,,
Geckobot,Maximal,2000,8.7,9.8,9.2,9.3,6.8,8.4,8.7,8.9,,
Hammerstrike,Maximal,2001,9.5,5.5,8.2,9.8,6.1,9.6,7.5,5.0,,
Jetstorm,Vehicon,2000,8,8,10,8,9,7,9,9,,
UltraJetstorm,Vehicon,2000,9.4,8.8,9.9,9.3,9.5,9.2,9.7,9.6,,
Longhorn,Maximal,2000,9,,4,9,5,5,,7,,
Magmatron,Destron,1999,10,10,10,10,10,10,9,10,,
Mechatron,Vehicon,2000,6.3,1.5,8.8,7.4,2.2,6.5,5.6,5.3,,
Mechatron,Vehicon,2000,6.3,1.5,8.8,7.4,2.2,6.5,5.6,5.3,,
Megatron,Vehicon,2000,9.9,9.9,9.9,9.9,10,10,10,10,,
Mirage,Vehicon,2000,5,4,8,7,5,6,7,7,,
Mol,Maximal,2000,6.0,3.0,2.4,4.0,2.7,8.5,5.0,6.4,,
Mol,Maximal,2000,6.0,3.0,2.4,4.0,2.7,8.5,5.0,6.4,,
MotorcycleDrone,Vehicon,2001,6.5,5.0,8.0,8.0,5.0,8.0,7.0,7.2,,
Nightviper,Maximal,2000,6.3,8.5,9.0,7.6,6.0,8.0,7.5,8.8,,
Nightscream,Maximal,2000,7.6,9.9,9.7,7.6,6.0,6.9,8.9,9.0,,
Obsidian,Vehicon,2000,6.5,5.9,7.1,7.1,6.0,8.1,6.7,5.9,,
OptimusPrimal,Maximal,2000,10+,10+,10+,10+,10,10+,10+,10+,,
BlastPunchOptimusPrimal,Maximal,2001,10.0,10.0,9.5,10.0,10.0,10.0,9.9,10.0,,
PrimalPrime,Maximal,2000,9.6,9.9,9.1,9.5,9.0,9.9,9.9,9.0,,
Quickstrike,Maximal,2000,7,9,8,8,7,6,5,10,,
Rapticon,Dinobot,2001,9.5,9.5,9,8.7,7.0,8.4,7.5,8.9,,
Rattrap,Maximal,2000,5.0,9.9,8.7,7.6,7.0,6.9,4.8,9.0,,
Rav,Maximal,2000,3.2,5.0,7.4,2.3,2.3,8.5,6.7,7.8,,
Rav,Maximal,2000,3.2,5.0,7.4,2.3,2.3,8.5,6.7,7.8,,
Scavenger,Vehicon,2000,8,2,4,6,4,9,7,5,,
Silverbolt,Maximal,2000,8.0,9.5,8.9,8.3,7.5,8.2,7.7,8.0,,
Skydive,Maximal,2000,6.4,7.7,9.9,9.7,6.4,9.0,6.8,9.5,,
Snarl,Maximal,2000,8.2,9.2,9.0,8.7,7.2,9.7,7.6,8.9,,
SonicAttackJet,Vehicon,2000,7.7,2.5,8.8,7.0,2.0,6.5,6.9,7.0,,
SpyStreak,Vehicon,2001,5,6,8,7,4,8,5,9,,
Strika,Vehicon,2001,8.0,6.0,6.9,8.5,5.0,7.5,8.0,8.0,,
Striker,Dinobot,2000,9.0,6.9,6.2,8.8,7.5,8.4,7.4,8.2,,
T-Wrecks,Dinobot,2000,10,8.3,6.9,6.8,9.0,7.6,7.1,8.5,,
TankDrone,Vehicon,2001,8.5,4.9,7.2,6.6,6.0,8.9,9.4,7.0,,
Tankor,Vehicon,2000,9,7,6,6,7,8,10,7,,
Terranotron,Dinobot,2001,9.8,8.7,9.5,7.7,8.0,7.4,8.5,9.0,,
Thrust,Vehicon,2000,8.5,10.0,8.9,8.5,9.0,9.0,9.0,9.2,,
Tigatron,Maximal,2001,9.0,8.7,8.0,7.2,7.0,10.0,9.0,7.2,,
Triceradon,Dinobot,2000,9.0,6.3,5.9,6.8,9.0,9.6,7.1,8.5,,
Astroscope,Mini-Con,2002,7,7,9,9,7,7,10,8,,
Backtrack,Mini-Con,2002,5,8,9,7,5,9,4,8,,
Blurr,Autobot,2002,9,8,9,7,7,9,6,8,,
Bonecrusher,Mini-Con,2002,8,5,5,7,5,8,8,6,,
Buzzsaw,Mini-Con,2002,6,5,6,7,5,6,6,7,,
Crumplezone,Mini-Con,2002,8,5,7,8,5,8,7,5,,
Cyclonus,Decepticon,2002,8,5,8,7,5,8,7,5,,
Cyclonus,Decepticon,2002,8,5,8,7,5,8,7,5,,
Demolishor,Decepticon,2002,8,5,6,6,7,8,8,7,,
DirtBoss,Mini-Con,2002,6,6,10,7,5,6,4,7,,
Downshift,Mini-Con,2002,6,6,10,7,5,6,4,7,,
DrillBit,Mini-Con,2002,6,5,6,7,5,6,6,7,,
Dualor,Mini-Con,2002,6,5,6,7,5,6,6,7,,
DuneRunner,Mini-Con,2002,6,5,6,8,5,6,4,7,,
Firebot,Mini-Con,2003,8,10,8,10,7,10,6,9,,
Galvatron,Decepticon,2003,10,10,10,10,10,10,10,10,,
Grindor,Mini-Con,2002,5,9,5,6,5,7,3,6,,
Gunbarrel,Mini-Con,2003,8,7,9,6,6,8,9,7,,
HighWire,Mini-Con,2002,5,9,5,6,5,7,3,6,,
HotShot,Autobot,2002,6,7,9,6,5,8,4,5,,
Iceberg,Mini-Con,2002,6,5,6,8,5,6,4,7,,
Jetfire,Autobot,2003,8,10,7,7,10,9,9,10,,
Jetfire,Autobot,2003,8,10,7,7,10,9,9,10,,
Jetstorm,Mini-Con,2002,6,5,8,7,5,6,4,7,,
Jolt,Mini-Con,2002,6,7,8,7,5,8,4,5,,
Knockout,Mini-Con,2002,8,5,5,7,5,8,8,6,,
Laserbeak,Autobot,2002,7,6,6,7,4,7,5,6,,
Leader-1,Mini-Con,2002,9,9,9,9,5,10,9,9,,
Longarm,Mini-Con,2002,8,10,6,9,5,10,5,9,,
Makeshift,Mini-Con,2003,8,10,8,10,7,10,6,9,,
Megatron,Decepticon,2002,10,10,10,10,10,10,10,10,,
Mirage,Mini-Con,2002,6,6,10,7,5,6,4,7,,
Oceanglide,Mini-Con,2003,7,8,9,9,7,9,8,9,,
OptimusPrime,Autobot,2002,10,10,10,10,10,10,10,10,,
SuperConPrime,Autobot,2002,10,10,10,10,10,10,10,10,,
OptimusPrime,Autobot,2003,10,10,10,10,10,10,10,10,,
SuperConPrime,Autobot,2002,10,10,10,10,10,10,10,10,,
KMartPrime,Autobot,2003,10,10,10,10,10,10,10,10,,
Oval,Mini-Con,2002,5,8,9,7,5,9,4,8,,
Payload,Mini-Con,2002,7,7,9,9,7,7,10,8,,
Perceptor,Mini-Con,2002,5,9,5,6,5,7,3,6,,
Prowl,Mini-Con,2003,8,10,8,10,7,10,6,9,,
Ransack,Mini-Con,2002,6,5,6,8,5,6,4,7,,
RedAlert,Autobot,2002,8,10,7,8,7,10,5,9,,
Runway,Mini-Con,2002,6,5,8,7,5,6,4,7,,
ArmScavenger,Autobot,2002,10,8,5,8,9,9,6,10,,
Sideswipe,Autobot,2003,10,8,5,8,9,9,6,10,,
ArmSideways,Autobot,2002,4,6,6,5,6,6,6,8,,
ArmSideways,Autobot,2002,4,6,6,5,6,6,6,8,,
SkyBlast,Mini-Con,2002,7,7,9,9,7,7,10,8,,
Smokescreen,Autobot,2002,9,7,6,8,5,8,6,6,,
Sonar,Mini-Con,2002,6,5,8,7,5,6,4,7,,
Sparkplug,Mini-Con,2002,9,9,9,9,5,10,9,9,,
Spiral,Mini-Con,2002,5,8,9,7,5,9,4,8,,
Starscream,Decepticon,2002,6,8,10,7,9,8,7,8,,
Stormcloud,Mini-Con,2003,7,8,9,9,7,9,8,9,,
Sureshock,Mini-Con,2002,5,9,5,6,5,7,3,6,,
Swindle,Mini-Con,2002,6,8,10,8,5,8,7,8,,
Terradive,Mini-Con,2003,8,7,9,6,6,8,9,7,,
Thrust,Decepticon,2003,7,8,10,9,9,8,6,9,,
Thundercracker,Decepticon,2003,7,6,8,8,5,7,8,6,,
Thunderwing,Mini-Con,2003,8,7,9,6,6,8,9,7,,
Waterlog,Mini-Con,2003,7,8,9,9,7,9,8,9,,
Wreckage,Mini-Con,2002,8,5,5,7,5,8,8,6,,
Thundercracker,Decepticon,1997,6,4,7,7,4,8,6,4,,
Arcee,Autobot,2004,6,5,8,7,5,7,8,7,,
BattleRavage,Decepticon,2004,5,7,6,7,5,5,7,8,,
Beachcomber,Autobot,2004,8,7,9,8,5,7,7,6,,
Bulkhead,Autobot,2004,8,10,9,9,8,10,9,8,,
Cliffjumper,Autobot,2004,8,7,9,10,6,8,6,6,,
Cruellock,Decepticon,2004,8,8,9,8,4,5,6,6,,
Cyclonus,Decepticon,2004,8,5,8,7,5,8,7,5,,
Demolishor,Decepticon,2004,9,7,5,5,5,5,9,7,,
KBDemolishor,Decepticon,2004,8,5,6,6,7,8,8,7,,
Divebomb,Decepticon,2004,5,5,9,9,5,6,8,6,,
Downshift,Autobot,2004,6,6,9,8,6,9,7,8,,
Dreadwing,Decepticon,2004,?,?,?,?,?,?,?,?,,
Grimlock,Autobot,2004,10,7,3,10,9,10,8,10,,
HotShot,Autobot,2004,7,8,10,8,8,9,7,9,,
EHotShot,Autobot,2004,7,9,9,9,8,9,7,9,,
Inferno,Autobot,2004,8,7,8,10,8,10,10,10,,
Insecticon,Decepticon,2004,9,4,4,8,4,5,8,6,,
Ironhide,Autobot,2004,9,7,6,8,5,8,8,7,,
EIronhide,Autobot,2004,9,7,6,9,6,9,8,7,,
Jetfire,Autobot,2004,8,7,10,8,10,9,9,8,,
Landmine,Autobot,2004,10,7,6,7,8,9,9,9,,
Landquake,Autobot,2004,10,8,7,6,8,9,9,9,,
Megatron,Decepticon,2004,10,10,10,10,10,10,10,10,,
Mirage,Decepticon,2004,9,8,9,8,6,7,10,7,,
Offshoot,Autobot,2004,8,9,4,5,9,8,10,9,,
OmegaSentinel,Autobot,2004,9,7,6,6,4,10,8,8,,
OmegaSupreme,Autobot,2004,10,8,6,6,4,10,9,9,,
OptimusPrime,Autobot,2004,10,10,10,10,10,10,10,10,,
CostcoPrime,Autobot,2004,10,10,10,10,10,10,10,10,,
Perceptor,Mini-Con,2004,7,8,7,7,9,9,6,9,,
Prowl,Autobot,2004,7,8,10,5,7,8,7,8,,
Rodimus,Autobot,2004,8,8,9,7,8,9,8,8,,
Scattor,Mini-Con,2004,10,7,10,9,5,10,8,9,,
Scorponok,Decepticon,2004,10,8,7,9,9,9,9,10,,
Sharkticon,Decepticon,2004,9,6,5,8,6,6,7,8,,
Shockblast,Decepticon,2004,10,8,7,7,9,9,10,10,,
SignalFlare,Autobot,2004,8,9,4,5,9,8,10,9,,
Skyblast,Autobot,2004,5,8,7,8,5,7,7,6,,
Skyboom,Mini-Con,2004,10,7,10,9,5,10,8,9,,
Slugslinger,Decepticon,2004,9,6,5,8,6,6,7,8,,
Snowcat,Decepticon,2004,8,6,6,5,5,6,6,7,,
Starscream,Decepticon,2004,?,9,10,10,NA,NA,9,10,,
Strongarm,Autobot,2004,7,8,4,9,8,9,7,7,,
Swoop,Autobot,2004,6,6,8,9,5,7,7,7,,
TidalWave,Decepticon,2004,10,6,4,5,4,7,9,8,,
Tow-Line,Autobot,2004,6,9,7,8,4,6,8,6,,
Treadbolt,Autobot,2004,9,8,4,8,6,9,5,9,,
UltraMagnus,Autobot,2004,8,7,7,9,8,9,10,8,,
WingSaber,Autobot,2004,9,7,10,8,8,9,10,9,,
Wreckage,Mini-Con,2004,10,7,10,9,5,10,8,9,,
Blackarachnia,Decepticon,2003,2.5,9.3,8.2,4,5,7.6,5,8.5,,
BCCyclonus,Decepticon,2002,8,7,9,10,6,8,8,10,,
Depthcharge,Autobot,2003,6,8,7,5,8,10,6,8,,
DinobotStriker,Autobot,2003,9,8.3,4,8.7,9,8.4,8.2,8.5,,
Downshift,Autobot,2004,6,6,9,8,6,9,7,8,,
Glyph,Autobot,2002,7,5,9,8,5,10,0,10,,
TFUInferno,Autobot,2003,4,9.2,9,5.2,7.2,9.7,4.5,8.9,,
MegaZarak,Decepticon,2004,10,10,7,9,10,10,10,10,,
MidnightExpress,Autobot,2001,9,8,8,10,7,8,9,8,,
Obsidian,Decepticon,2003,5.0,8.5,8.1,5.1,9.0,8.1,6.3,9.5,,
OptimusPrimal,Autobot,2003,10,10,8,10,10,10,8,10,,
AutobotRatchet,Autobot,2003,5,8,4,7,8,9,4,10,,
Razorclaw,Decepticon,2003,8.2,10,8.1,8.1,9.3,8.4,9.7,8.8,,
Reptilion,Decepticon,2003,5.6,9.1,3.5,6.5,9,7.2,8.3,7.3,,
Rook,Autobot,2002,2.5,7.5,5.5,6,5.5,8.5,2,9.5,,
Roulette,Autobot,2003,5,8,7,7,7.5,9,8.5,10,,
SentinelMaximus,Autobot,2004,10,10,7,10,9,10,9,10,,
Silverbolt,Autobot,2003,4,7,8,5,7,9,4,8,,
ShadowStriker,Decepticon,2003,5.5,7.5,7,7.5,8,8,8,9,,
OTFCCSideswipe,Autobot,2003,7,7,7,7,6,10,6,7,,
TFUSnarl,Autobot,2003,4,9.2,9,5.2,7.2,9.7,4.5,8.9,,
Snowcat,Decepticon,2004,8,6,6,5,5,6,6,7,,
TFUSnarl,Autobot,2003,4,9.2,9,5.2,7.2,9.7,4.5,8.9,,
Sunstreaker,Autobot,2003,5,6,7,9,6,8,8,8,,
Tankor,Decepticon,2003,10.0,1.0,6.0,8.0,9.0,9.0,10.0,7.0,,
Tap-Out,Autobot,2002,7,6,8,9,3,10,1,9,,
Sunstorm,Decepticon,2013,6,6,9,7,5,8,9,7,,
Lugnut,Decepticon,2007,10,3,6,9,7,10,10,5,,
